{
  "name": "multi-rolltable-cards",
  "title": "Multi-Rolltable Result Chat Cards",
  "description": "This module contains the framework for posting multiple rich, draggable item results from rolltables in a single chat message.",
  "author": "Wind in Trees",
  "version": "1.0.0",
  "url": "https://github.com/Irregulator101/foundryvtt-multi-rolltable-cards",
  "minimumCoreVersion": "0.8.9",
  "compatibleCoreVersion": "0.8.9",
  "scripts": [
    "scripts/render-draggable-rolltable-result.js"
  ],
  "packs": [
    {
      "name": "multi-rolltable-macro-templates",
      "label": "Multi Rolltable Macro Templates",
      "path": "./packs/multi-rolltable-macro-templates.db",
      "type": "Macro",
      "entity": "Macro"
    }
  ],
  "manifest": "https://github.com/Irregulator101/foundryvtt-multi-rolltable-cards/blob/main/module.json",
  "download": "https://github.com/Irregulator101/foundryvtt-multi-rolltable-cards/blob/main/multi-rolltable-cards.zip"
}